address,language,not_exist
0x04deb44ac536ed288ab3ddb7d69920e7002965f1,Solidity,True
0x07e3e2de18336a76d780e1d9c1ce8033c9bca498,Solidity,True
0x087239350b3b9bcdad0e7e318ef9c4eaff5eaed3,Solidity,True
0x145d4ae4e84c1f8cd5ba345b25b16ebb8f5043e4,Solidity,True
0x1ba2b2aa8d8c62e395e9e859b948929442c7fd77,Solidity,True
0x2aea8071b771818e0004d0e5c93fadd9d7f5d31d,Solidity,True
0x3d76634e77fb9bbac457a0df209306f2fac67dbc,Solidity,True
0x3f291a4561a7f6230394a76096fd054d7c2886aa,Solidity,True
0x4275e7dd852e732838456338d6cbf508e85652d4,Solidity,True
0x4c3ab8c818ba23dc8ec35fb579984ba95ff009d7,Solidity,True
0x5581fc099dfc6be7ddc5ced2880665d777477a76,Solidity,True
0x57897ebbdf3b510ab1faca9a5e9348f837bbcb45,Solidity,True
0x6329316475a98027e62246d25e4a5ed8d7f9fc51,Solidity,True
0x652511ebd2c77aa00bc3f0b910928418708ad2ee,Solidity,True
0x67c2fc3b654c04ad5284508ef6fe7fa387f5f050,Solidity,True
0x69ed072262c41b72b335df4b1a80d31513e0f00f,Solidity,True
0x6b9af55a51c721cf65072aaf891b3a1e3a3c5162,Solidity,True
0x6d25f5cbb67ad83d6885d7d388a9875b749c57fb,Solidity,True
0x6d903f6003cca6255d85cca4d3b5e5146dc33925,Solidity,True
0x714c1ef3854591d4118bd6887d4740bc4d5f5412,Solidity,True
0x7bc6340cd475fb558318d0104a644e427a8fcf9f,Solidity,True
0x80a669d47d15f1ed151d8c8c92345b3247c4afe9,Solidity,True
0x812818669ba4982db20081b4f5b4b9834d61a5a8,Solidity,True
0x82cc62a5441c4df93acf0d2cf63e25060289e847,Solidity,True
0x888a0f7d4f95a191f59b529384c6e127a5fd289c,Solidity,True
0x8ade9bcda847852de70bada69bbc9358c1c7b747,Solidity,True
0x9189ce85444bca0a2cc5bd8a4e7a07712e8fbfa6,Solidity,True
0x94249cbca4036c381e2a7ce4f64278146ba7d483,Solidity,True
0x950e5be05df98442ea87215cb83a256bd0652bd6,Solidity,True
0x9d5f19684f12036067f4ddc966463dd3896b036a,Solidity,True
0x9fdad63a8ac0053f14ff1623759ff66b5929482b,Solidity,True
0xa444699c4750d5083cdcc75366c4b1e7f13d8d2a,Solidity,True
0xab95b5b04b546298bd0de4783525d1a374d064d7,Solidity,True
0xb746aed479f18287dc8fc202fe06f25f1a0a60ae,Solidity,True
0xb80fcbbaea6d938c4ba7c1a943429591fbfc39fa,Solidity,True
0xbe87786b9015c92206ca9650b0512b0d59acb829,Solidity,True
0xc10c72d632cb8b5ef37603623ee86f47c3ff9f0f,Solidity,True
0xc9f4d79cd4b07a553a18f96d6209cec3cc3d55f0,Solidity,True
0xd0d112d20d3752ba83223f25109a9edaefd30029,Solidity,True
0xd5f49a4bec5c1fcdefb2e46e60fc859fdbd05007,Solidity,True
0xe5f1c08e024388fa5925c5f64e9d2dc97f1d9855,Solidity,True
0xe85e48d73bdc8543835180df678116f3946b0453,Solidity,True
0xe9c2851dadbb1bb34bceb54473a0e428a50d8845,Solidity,True
0xed1b85d8a750fb3058cfc46d4508e791fe7a4d73,Solidity,True
