address,language,elipmoc
0x68c4b7d05fae45bcb6192bb93e246c77e98360e1,Solidity,0
0xd5524179cb7ae012f5b642c1d6d700bbaa76b96b,Solidity,0
0x0286f920f893513c7ec9fe35ba0a4760229a243e,Solidity,0
0x5eee354e36ac51e9d3f7283005cab0c55f423b23,Solidity,0
0xeb3107117fead7de89cd14d463d340a2e6917769,Solidity,0
0xb8c77482e45f1f44de1745f52c74426c631bdd52,Solidity,0
0x833ede3050c27d88e5da6922a312e3fdc15be29b,Solidity,0
0x9798d857476de56c066abb4f8395e8f061893bac,Solidity,0
0x1e20b7d24d429b0de705d3ff8b88ec651d28a935,Solidity,0
0xdfd8e9fda3ac12884e35eaea35d763517bb79176,Solidity,0
0x645f0c9695f2b970e623ae29538fdb1a67bd6b6e,Solidity,0
0x465d3bd8ba9879352796a2337b58d2ad9f4b8175,Solidity,0
0xff51c457c84c970bcfbf6f6551dc527421ec4231,Solidity,0
0x39fbd1140cd1fc298f00c3ea64b3591de94c67e7,Solidity,0
0x09b4c8200f0cb51e6d44a1974a1bc07336b9f47f,Solidity,0
0x5e61ef7212519d8282b63ae4fa037d5584474ade,Solidity,0
0x1a4874c84516210f989ef9b1488fed041a5c5f9b,Solidity,0
0xe56b4d8d42b1c9ea7dda8a6950e3699755943de7,Solidity,0
0xbc9363b59cd73f59102ad6a45494f274d311c0c0,Solidity,0
0x35a6f91c15538ae4a666db6d39395fd657a108f6,Solidity,0
0x27d7bfbed155767a9ac7d04cb200ed8f8430cf09,Solidity,0
0x65bcf8de5c59ee18a69733759c3b8040416c8fa2,Solidity,0
0x8edcce0beb122b74d127de716f217a6630efb453,Solidity,0
0x57ce4d3b0260bd93c420119ad867580654334143,Solidity,0
0xd494938d0524edadfc239adc2c233e50550fa152,Solidity,0
0x2e88c458dab34c673641df586ab9d9a15e0b93ec,Solidity,0
0x6f8a4241eb46e2db6793d5bf184542f32e86e27f,Solidity,0
0x5346d0f80e2816fad329f2c140c870ffc3c3e2ef,Solidity,0
0xe33417797d6b8aec9171d0d6516e88002fbe23e7,Solidity,0
0x762a7ea687d5f9aaed98eb4c5e597b43652af7ff,Solidity,0
0x333f7d10c3d8f3b0a070c0f6673cf61bd4a86622,Solidity,0
0x6ace03f517ae15f1a8d1b6811d23f7aa8c295be0,Solidity,0
0x5c679a0a79d495affe049c02483519d51e37f32b,Solidity,0
0xde251c7778eb259b449885f63d6cae090e15601a,Solidity,0
0x75cb629408d1ea387df0a1f755e0bc371a5fa036,Solidity,0
0x8c863333c2e92f02e01f7a3c6d131e4d59f78990,Solidity,0
0x91ae7d824e3e5e97c9ed5a325b90151415c54da2,Solidity,0
0x8ed6ae0903c66484bcafd7528d284b324207f620,Solidity,0
0x3565f84c8cd841ff9f2773d02f492e3b058aec5e,Solidity,0
0x5b03686f4e484d8e0dc372628d35d49f9b30f7fe,Solidity,0
0x07597255910a51509ca469568b048f2597e72504,Solidity,0
0xf806cdb99d93998fadb2e987fab87efe0b36f56d,Solidity,0
0x5239f2580d5305eb56a06fe6b2c1506478d965cc,Solidity,0
0x064f6470b3a913d5e91552749a339b792a1c22bd,Solidity,0
0x90155a208f61880f76cd0b64b15674de2f775e1b,Solidity,0
0x1772eea64df54e19728e695008d31c1289ac620d,Solidity,0
0x986ee2b944c42d017f52af21c4c69b84dbea35d8,Solidity,0
0xe35a91f2acceccf1ce6bae792274da6100b639af,Solidity,0
0xce2ac722f8b9349a0bdcbe9ee9f9d877c8cfa7a0,Solidity,0
0x722baa20d3b42fc1ec0b63fb84ba3fda47da4a26,Solidity,0
0xbd08c2be35c1aca9a6d45f53e2d1856090c9d8ff,Solidity,0
0x0c7126b0c7e79c1ea6930bed8499fedb87cd2006,Solidity,0
0x84443f61efc60d10da9f9a2398980cd5748394bb,Solidity,0
0x16d29707a5f507f9252ae5b7fc5e86399725c663,Solidity,0
0x8ec513a2cc3f4c661362b6eb65cee82bd97f1f70,Solidity,0
0xb640fc5ada87b4b53054b1a303ba0ad50a97e491,Solidity,0
0xa6ff5301cf8019001e4f56a68d4464235067d59c,Solidity,0
0xe84a69675d316a639203b527919504b33e8d6f20,Solidity,0
0x7d60b8434b2ee40ca99774010a3a8de2375f61c5,Solidity,0
0x1b755d760e6d8970a5ffd37a41380ff0269fa368,Solidity,0
0xa042a3079a45ca1fb586b8307bcab9b8f8a85b27,Solidity,0
0xb27c8aa885cf8a16a864f593951067d754494672,Solidity,0
0x2b55bbe80cf8cc8dae0380856b5bf3d1c451880b,Solidity,0
0x6ad817b9020adcb10b4a08e713bae0980385c674,Solidity,0
0x79e10a7324e97ef9d6ab9f5dd069b847f99ee851,Solidity,0
0x4a5daa5e60d6128ea7ee21821f13ab625dad952e,Solidity,0
0x9a0544f72bb87515d77924a66b408935557ad76e,Solidity,0
0xf3a7347cde5928688a41b6b521a1ead2999f9c34,Solidity,0
0xb48b7e5bf6563b3e0a85055821a83deb8cfc12f6,Solidity,0
0xf527314a3ea16acf9f9e26613426cf5f8e7a3e43,Solidity,0
0xc668652d40e2b236969a9c2d28f4b23ed23da077,Solidity,0
0x268f92d90798614b4450b1efa59c71a601ab0af2,Solidity,0
0x235574910b3c91bb85ac6cab454545749b72e71a,Solidity,0
0x6959f7fa12392b93e6af39c300e67923928b184f,Solidity,0
0xe4f32056ea2dc706dbc4ff6a61f7e87583cd4ec9,Solidity,0
